azimuth_deg,horizon_elev_deg
0.00,4.8807
0.10,4.9111
0.20,4.9047
0.30,4.8754
0.40,4.8802
0.50,4.8748
0.60,4.9088
0.70,4.9815
0.80,5.0150
0.90,5.0004
1.00,4.9711
1.10,4.9347
1.20,4.9200
1.30,4.9417
1.40,4.9946
1.50,5.0750
1.60,5.1660
1.70,5.2281
1.80,5.2762
1.90,5.2818
2.00,5.3484
2.10,5.4019
2.20,5.4236
2.30,5.4268
2.40,5.4370
2.50,5.4315
2.60,5.4343
2.70,5.4282
2.80,5.4296
2.90,5.4217
3.00,5.4221
3.10,5.4428
3.20,5.4014
3.30,5.3745
3.40,5.3350
3.50,5.2973
3.60,5.2389
3.70,5.1729
3.80,5.0428
3.90,4.9856
4.00,4.9529
4.10,4.8882
4.20,4.8679
4.30,4.8263
4.40,4.7681
4.50,4.7020
4.60,4.6792
4.70,4.6300
4.80,4.6357
4.90,4.6205
5.00,4.5863
5.10,4.5539
5.20,4.5101
5.30,4.4778
5.40,4.4433
5.50,4.4885
5.60,4.5547
5.70,4.5577
5.80,4.5469
5.90,4.5207
6.00,4.5194
6.10,4.5002
6.20,4.5146
6.30,4.5247
6.40,4.5002
6.50,4.5123
6.60,4.4880
6.70,4.4453
6.80,4.3945
6.90,4.4476
7.00,4.5104
7.10,4.5379
7.20,4.5378
7.30,4.5466
7.40,4.5095
7.50,4.4173
7.60,4.4252
7.70,4.4736
7.80,4.5177
7.90,4.5732
8.00,4.5704
8.10,4.5447
8.20,4.5134
8.30,4.4978
8.40,4.5006
8.50,4.4337
8.60,4.4109
8.70,4.3953
8.80,4.2984
8.90,4.2528
9.00,4.2443
9.10,4.2443
9.20,4.2728
9.30,4.2913
9.40,4.2956
9.50,4.4038
9.60,4.5234
9.70,4.6600
9.80,4.7258
9.90,4.7173
10.00,4.7062
10.10,4.6694
10.20,4.6622
10.30,4.6206
10.40,4.5862
10.50,4.5574
10.60,4.5300
10.70,4.4894
10.80,4.4560
10.90,4.4064
11.00,4.3831
11.10,4.3168
11.20,4.2984
11.30,4.3055
11.40,4.2299
11.50,4.2157
11.60,4.2168
11.70,4.2814
11.80,4.3127
11.90,4.2969
12.00,4.2814
12.10,4.2881
12.20,4.3334
12.30,4.3745
12.40,4.4326
12.50,4.4780
12.60,4.5311
12.70,4.5638
12.80,4.5963
12.90,4.6004
13.00,4.6970
13.10,4.7529
13.20,4.7756
13.30,4.8195
13.40,4.8674
13.50,4.8794
13.60,4.8954
13.70,4.9022
13.80,4.9102
13.90,4.9301
14.00,4.9380
14.10,4.9857
14.20,5.0175
14.30,5.0175
14.40,5.0215
14.50,5.0200
14.60,5.0160
14.70,5.0081
14.80,5.0279
14.90,5.0398
15.00,5.0556
15.10,5.0754
15.20,5.0833
15.30,5.0992
15.40,5.1111
15.50,5.1071
15.60,5.0992
15.70,5.0754
15.80,5.0556
15.90,5.0517
16.00,5.0556
16.10,5.0635
16.20,5.0891
16.30,5.1289
16.40,5.1150
16.50,5.1269
16.60,5.1626
16.70,5.1982
16.80,5.2140
16.90,5.2744
17.00,5.3302
17.10,5.3831
17.20,5.4149
17.30,5.4348
17.40,5.4387
17.50,5.4467
17.60,5.4625
17.70,5.4665
17.80,5.4189
17.90,5.4030
18.00,5.3593
18.10,5.3394
18.20,5.3236
18.30,5.3236
18.40,5.3116
18.50,5.2918
18.60,5.2759
18.70,5.2362
18.80,5.2106
18.90,5.1986
19.00,5.1667
19.10,5.1547
19.20,5.1468
19.30,5.1707
19.40,5.1986
19.50,5.2106
19.60,5.1826
19.70,5.1906
19.80,5.1487
19.90,5.1111
20.00,5.0952
20.10,5.0776
20.20,5.0816
20.30,5.0405
20.40,5.0021
20.50,4.9890
20.60,5.0318
20.70,5.0031
20.80,4.9963
20.90,5.0040
21.00,5.0487
21.10,5.0679
21.20,5.0717
21.30,5.0448
21.40,5.0050
21.50,4.9730
21.60,4.9514
21.70,4.9766
21.80,4.9879
21.90,5.0227
22.00,5.0415
22.10,5.0586
22.20,5.0399
22.30,5.0391
22.40,5.0465
22.50,5.0206
22.60,5.0083
22.70,5.0331
22.80,5.0611
22.90,5.1080
23.00,5.1446
23.10,5.1664
23.20,5.1573
23.30,5.2118
23.40,5.2118
23.50,5.2746
23.60,5.3145
23.70,5.3374
23.80,5.3332
23.90,5.3644
24.00,5.4252
24.10,5.4642
24.20,5.4880
24.30,5.5079
24.40,5.5079
24.50,5.4518
24.60,5.4780
24.70,5.5463
24.80,5.5400
24.90,5.5400
25.00,5.5214
25.10,5.5214
25.20,5.5090
25.30,5.6076
25.40,5.6331
25.50,5.6570
25.60,5.6958
25.70,5.7716
25.80,5.8857
25.90,5.9464
26.00,5.9958
26.10,6.0434
26.20,6.1191
26.30,6.1724
26.40,6.2357
26.50,6.2690
26.60,6.3460
26.70,6.3694
26.80,6.4029
26.90,6.4217
27.00,6.4452
27.10,6.4620
27.20,6.4654
27.30,6.7341
27.40,6.8026
27.50,6.8397
27.60,6.8397
27.70,6.8520
27.80,6.8273
27.90,6.9069
28.00,6.9441
28.10,7.0158
28.20,7.0472
28.30,7.0886
28.40,7.1432
28.50,7.1432
28.60,7.2766
28.70,7.4342
28.80,7.4463
28.90,7.4463
29.00,7.5008
29.10,7.5735
29.20,7.5735
29.30,7.7862
29.40,7.7862
29.50,7.8111
29.60,7.8111
29.70,7.8470
29.80,7.8231
29.90,7.8953
30.00,7.8834
30.10,7.9784
30.20,8.0843
30.30,8.0662
30.40,8.0954
30.50,8.1122
30.60,8.1867
30.70,8.1355
30.80,8.2851
30.90,8.3256
31.00,8.3198
31.10,8.3487
31.20,8.3487
31.30,8.3563
31.40,8.3563
31.50,8.3792
31.60,8.4021
31.70,8.4135
31.80,8.4307
31.90,8.4307
32.00,8.4536
32.10,8.4682
32.20,8.5279
32.30,8.5876
32.40,8.5876
32.50,8.7070
32.60,8.7070
32.70,8.7994
32.80,8.7994
32.90,8.8503
33.00,8.9068
33.10,8.9068
33.20,8.9576
33.30,8.9576
33.40,9.0479
33.50,9.0479
33.60,9.0592
33.70,9.1382
33.80,9.1382
33.90,9.2679
34.00,9.2679
34.10,9.4048
34.20,9.4048
34.30,9.5180
34.40,9.4877
34.50,9.5214
34.60,9.5406
34.70,9.5327
34.80,9.5406
34.90,9.5406
35.00,9.5293
35.10,9.5214
35.20,9.4784
35.30,9.4784
35.40,9.3934
35.50,9.3934
35.60,9.3312
35.70,9.3067
35.80,9.3387
35.90,9.3013
36.00,9.3013
36.10,9.3173
36.20,9.3109
36.30,9.2897
36.40,9.3109
36.50,9.3109
36.60,9.3152
36.70,9.3247
36.80,9.3247
36.90,9.3457
37.00,9.3340
37.10,9.3078
37.20,9.4059
37.30,9.4059
37.40,9.4169
37.50,9.4236
37.60,9.5217
37.70,9.6251
37.80,9.6251
37.90,9.6659
38.00,9.6582
38.10,9.6480
38.20,9.6633
38.30,9.6809
38.40,9.6556
38.50,9.6732
38.60,9.6884
38.70,9.7042
38.80,9.7983
38.90,9.8589
39.00,9.8897
39.10,9.8897
39.20,9.9030
39.30,9.9030
39.40,9.8897
39.50,9.9056
39.60,9.9056
39.70,9.8896
39.80,9.9155
39.90,9.9155
40.00,9.9085
40.10,9.8153
40.20,9.7266
40.30,9.7023
40.40,9.6528
40.50,9.6101
40.60,9.5485
40.70,9.5485
40.80,9.3958
40.90,9.3255
41.00,9.2535
41.10,9.1731
41.20,9.1212
41.30,9.0782
41.40,9.0395
41.50,9.0298
41.60,8.9761
41.70,8.8846
41.80,8.9032
41.90,8.8555
42.00,8.8448
42.10,8.8107
42.20,8.7864
42.30,8.7718
42.40,8.7069
42.50,8.7085
42.60,8.6726
42.70,8.6659
42.80,8.6512
42.90,8.6315
43.00,8.6985
43.10,8.6985
43.20,8.6690
43.30,8.6690
43.40,8.6968
43.50,8.6968
43.60,8.7117
43.70,8.7597
43.80,8.7995
43.90,8.7995
44.00,8.7299
44.10,8.7299
44.20,8.6552
44.30,8.6883
44.40,8.7183
44.50,8.7183
44.60,8.7083
44.70,8.7216
44.80,8.6583
44.90,8.6363
45.00,8.6363
45.10,8.6262
45.20,8.6262
45.30,8.6212
45.40,8.6212
45.50,8.6443
45.60,8.6443
45.70,8.6544
45.80,8.6544
45.90,8.6948
46.00,8.6948
46.10,8.7402
46.20,8.7402
46.30,8.7452
46.40,8.8095
46.50,8.8145
46.60,8.9989
46.70,8.9937
46.80,9.0365
46.90,9.0166
47.00,9.1338
47.10,9.1392
47.20,9.2435
47.30,9.2472
47.40,9.2987
47.50,9.3450
47.60,9.3347
47.70,9.3398
47.80,9.3038
47.90,9.3295
48.00,9.3141
48.10,9.3450
48.20,9.3295
48.30,9.3398
48.40,9.3398
48.50,9.3172
48.60,9.3172
48.70,9.2730
48.80,9.2730
48.90,9.2583
49.00,9.2480
49.10,9.2325
49.20,9.2279
49.30,9.2020
49.40,9.2020
49.50,9.1973
49.60,9.2390
49.70,9.1660
49.80,9.1868
49.90,9.1451
50.00,9.1621
50.10,9.1993
50.20,9.2897
50.30,9.2094
50.40,9.2464
50.50,9.2464
50.60,9.2265
50.70,9.2487
50.80,9.2916
50.90,9.3399
51.00,9.3721
51.10,9.3721
51.20,9.4004
51.30,9.4004
51.40,9.3940
51.50,9.4165
51.60,9.5122
51.70,9.5285
51.80,9.5470
51.90,9.5937
52.00,9.5937
52.10,9.6617
52.20,9.6617
52.30,9.7217
52.40,9.7217
52.50,9.6944
52.60,9.6944
52.70,9.6974
52.80,9.7108
52.90,9.7687
53.00,9.8454
53.10,9.8454
53.20,9.8751
53.30,9.8751
53.40,9.8529
53.50,9.8529
53.60,9.7810
53.70,9.7677
53.80,9.7622
53.90,9.7543
54.00,9.7543
54.10,9.7872
54.20,9.7872
54.30,9.8063
54.40,9.8478
54.50,9.8478
54.60,9.9049
54.70,9.9049
54.80,9.9606
54.90,10.0150
55.00,10.0150
55.10,10.0975
55.20,10.1488
55.30,10.1953
55.40,10.1953
55.50,10.2301
55.60,10.2887
55.70,10.2887
55.80,10.2882
55.90,10.3295
56.00,10.3529
56.10,10.4488
56.20,10.5018
56.30,10.4724
56.40,10.4724
56.50,10.5254
56.60,10.5254
56.70,10.5271
56.80,10.5077
56.90,10.5077
57.00,10.5271
57.10,10.5271
57.20,10.4797
57.30,10.5271
57.40,10.4620
57.50,10.4693
57.60,10.4738
57.70,10.4857
57.80,10.5527
57.90,10.4916
58.00,10.4916
58.10,10.5527
58.20,10.5527
58.30,10.5527
58.40,10.5348
58.50,10.5348
58.60,10.5170
58.70,10.5527
58.80,10.5050
58.90,10.5050
59.00,10.4827
59.10,10.4574
59.20,10.4574
59.30,10.3322
59.40,10.3322
59.50,10.1648
59.60,10.1298
59.70,9.9716
59.80,9.8980
59.90,9.8286
60.00,9.7517
60.10,9.7289
60.20,9.6688
60.30,9.5923
60.40,9.6446
60.50,9.6546
60.60,9.7823
60.70,9.7837
60.80,9.7837
60.90,9.8672
61.00,10.0409
61.10,10.0488
61.20,10.0686
61.30,10.1594
61.40,10.2699
61.50,10.2699
61.60,10.3991
61.70,10.3991
61.80,10.5086
61.90,10.5380
62.00,10.6043
62.10,10.6686
62.20,10.6686
62.30,10.7648
62.40,10.7786
62.50,10.7786
62.60,10.8678
62.70,10.9159
62.80,10.9159
62.90,10.9022
63.00,10.9022
63.10,10.8996
63.20,10.8816
63.30,10.9014
63.40,10.9014
63.50,10.9410
63.60,11.0063
63.70,11.0063
63.80,11.0691
63.90,11.1027
64.00,11.1027
64.10,11.0831
64.20,11.0831
64.30,11.0887
64.40,11.0132
64.50,11.0132
64.60,11.0024
64.70,10.9783
64.80,10.9199
64.90,10.9051
65.00,10.9149
65.10,10.9769
65.20,10.9769
65.30,11.0127
65.40,11.0342
65.50,11.0342
65.60,11.0451
65.70,11.1118
65.80,11.1583
65.90,11.1583
66.00,11.1676
66.10,11.2397
66.20,11.2988
66.30,11.5058
66.40,11.5058
66.50,11.5058
66.60,11.4751
66.70,11.5944
66.80,11.5574
66.90,11.5574
67.00,11.5574
67.10,11.5870
67.20,11.6312
67.30,11.6312
67.40,11.6091
67.50,11.6091
67.60,11.5963
67.70,11.6186
67.80,11.6312
67.90,11.6186
68.00,11.6604
68.10,11.7029
68.20,11.7029
68.30,11.6705
68.40,11.6856
68.50,11.6655
68.60,11.6529
68.70,11.6057
68.80,11.5443
68.90,11.5443
69.00,11.4069
69.10,11.3955
69.20,11.3955
69.30,11.3210
69.40,11.3062
69.50,11.2231
69.60,11.2533
69.70,11.1498
69.80,11.1138
69.90,11.0454
70.00,10.9835
70.10,10.9708
70.20,10.9708
70.30,10.9309
70.40,10.9260
70.50,10.8364
70.60,10.8364
70.70,10.8364
70.80,10.7542
70.90,10.7542
71.00,10.7243
71.10,10.7243
71.20,10.7243
71.30,10.6645
71.40,10.6645
71.50,10.6375
71.60,10.6645
71.70,10.6645
71.80,10.6271
71.90,10.6271
72.00,10.5773
72.10,10.5950
72.20,10.5950
72.30,10.5396
72.40,10.5116
72.50,10.5116
72.60,10.4660
72.70,10.4736
72.80,10.4053
72.90,10.4053
73.00,10.4053
73.10,10.3532
73.20,10.3370
73.30,10.2843
73.40,10.2843
73.50,10.2762
73.60,10.2382
73.70,10.2382
73.80,10.1473
73.90,10.0718
74.00,10.0718
74.10,10.0718
74.20,10.0557
74.30,9.9872
74.40,9.9872
74.50,9.9872
74.60,9.9415
74.70,9.9415
74.80,9.8298
74.90,9.8577
75.00,9.8577
75.10,9.7434
75.20,9.7434
75.30,9.6783
75.40,9.6026
75.50,9.6026
75.60,9.6026
75.70,9.4992
75.80,9.4661
75.90,9.4054
76.00,9.4054
76.10,9.4054
76.20,9.2777
76.30,9.2460
76.40,9.0789
76.50,9.1400
76.60,9.1093
76.70,9.0482
76.80,9.0409
76.90,8.9563
77.00,8.9563
77.10,8.9420
77.20,8.9333
77.30,8.9257
77.40,8.9410
77.50,8.9410
77.60,8.9027
77.70,8.9027
77.80,8.9180
77.90,8.9180
78.00,8.9400
78.10,8.9400
78.20,8.9785
78.30,8.9554
78.40,8.9554
78.50,8.9027
78.60,8.8937
78.70,8.8797
78.80,8.8551
78.90,8.8551
79.00,8.8414
79.10,8.8184
79.20,8.8184
79.30,8.8031
79.40,8.7856
79.50,8.7779
79.60,8.7779
79.70,8.7417
79.80,8.7393
79.90,8.7393
80.00,8.7051
80.10,8.7300
80.20,8.7300
80.30,8.7579
80.40,8.8460
80.50,8.8460
80.60,8.8460
80.70,8.8895
80.80,8.9112
80.90,8.9112
81.00,8.9112
81.10,8.8352
81.20,8.8352
81.30,8.8352
81.40,8.6331
81.50,8.6287
81.60,8.6287
81.70,8.6287
81.80,8.6008
81.90,8.5525
82.00,8.5525
82.10,8.4391
82.20,8.2614
82.30,8.2614
82.40,8.2368
82.50,8.1976
82.60,8.1976
82.70,8.1213
82.80,8.1213
82.90,8.1213
83.00,8.0988
83.10,8.0988
83.20,8.0988
83.30,8.1437
83.40,8.1437
83.50,8.1437
83.60,8.1437
83.70,8.0949
83.80,8.0949
83.90,8.2097
84.00,8.2097
84.10,8.2910
84.20,8.2910
84.30,8.2910
84.40,8.2322
84.50,8.2667
84.60,8.2667
84.70,8.1690
84.80,8.1690
84.90,8.1676
85.00,8.0795
85.10,8.0795
85.20,8.0141
85.30,8.0141
85.40,8.0141
85.50,7.9656
85.60,7.9656
85.70,7.9255
85.80,7.9255
85.90,7.9255
86.00,7.9335
86.10,7.9335
86.20,7.9335
86.30,7.8779
86.40,7.8779
86.50,7.9816
86.60,7.9816
86.70,7.9816
86.80,8.0294
86.90,8.0294
87.00,7.9816
87.10,7.9816
87.20,7.9816
87.30,7.9182
87.40,7.9182
87.50,7.9182
87.60,7.9182
87.70,7.9182
87.80,7.9894
87.90,7.9894
88.00,7.9894
88.10,8.0128
88.20,8.0128
88.30,7.9185
88.40,7.9185
88.50,7.9185
88.60,7.9735
88.70,7.9735
88.80,7.9735
88.90,7.9735
89.00,8.0515
89.10,8.0437
89.20,8.0437
89.30,7.9890
89.40,7.9890
89.50,7.9890
89.60,7.9037
89.70,7.9037
89.80,7.7951
89.90,7.7951
90.00,7.7951
90.10,7.6813
90.20,7.6813
90.30,7.6831
90.40,7.6831
90.50,7.6867
90.60,7.6867
90.70,7.6436
90.80,7.6436
90.90,7.6436
91.00,7.5766
91.10,7.5766
91.20,7.5261
91.30,7.5261
91.40,7.4941
91.50,7.4941
91.60,7.4941
91.70,7.5506
91.80,7.5506
91.90,7.5506
92.00,7.6110
92.10,7.6110
92.20,7.6337
92.30,7.6337
92.40,7.6337
92.50,7.6337
92.60,7.6337
92.70,7.6209
92.80,7.6209
92.90,7.6134
93.00,7.6134
93.10,7.5609
93.20,7.5609
93.30,7.5609
93.40,7.5405
93.50,7.5188
93.60,7.4933
93.70,7.4933
93.80,7.4322
93.90,7.3956
94.00,7.4069
94.10,7.4107
94.20,7.4368
94.30,7.4598
94.40,7.4482
94.50,7.5083
94.60,7.5083
94.70,7.5083
94.80,7.4407
94.90,7.4407
95.00,7.4218
95.10,7.4218
95.20,7.4182
95.30,7.3845
95.40,7.3845
95.50,7.3771
95.60,7.3771
95.70,7.4517
95.80,7.4517
95.90,7.5039
96.00,7.5158
96.10,7.5158
96.20,7.6209
96.30,7.6209
96.40,7.5759
96.50,7.5759
96.60,7.6605
96.70,7.6605
96.80,7.6605
96.90,7.8468
97.00,7.8468
97.10,7.7350
97.20,7.7350
97.30,7.7185
97.40,7.6584
97.50,7.6584
97.60,7.6359
97.70,7.6359
97.80,7.6359
97.90,7.5233
98.00,7.5203
98.10,7.5128
98.20,7.4976
98.30,7.4976
98.40,7.3993
98.50,7.3993
98.60,7.3117
98.70,7.3422
98.80,7.3422
98.90,7.2889
99.00,7.2889
99.10,7.2889
99.20,7.2584
99.30,7.2584
99.40,7.2812
99.50,7.2812
99.60,7.2812
99.70,7.3270
99.80,7.3270
99.90,7.3498
100.00,7.3498
100.10,7.3498
100.20,7.3839
100.30,7.3839
100.40,7.4259
100.50,7.4259
100.60,7.4792
100.70,7.4792
100.80,7.4792
100.90,7.4792
101.00,7.4989
101.10,7.4989
101.20,7.4989
101.30,7.4989
101.40,7.4989
101.50,7.4069
101.60,7.4069
101.70,7.2903
101.80,7.2670
101.90,7.2048
102.00,7.2048
102.10,7.1524
102.20,7.1347
102.30,7.1347
102.40,7.0976
102.50,7.0102
102.60,6.9879
102.70,6.9090
102.80,6.9016
102.90,6.8232
103.00,6.7220
103.10,6.6741
103.20,6.5816
103.30,6.5816
103.40,6.5406
103.50,6.4568
103.60,6.4306
103.70,6.3127
103.80,6.3007
103.90,6.2576
104.00,6.2148
104.10,6.1790
104.20,6.1445
104.30,6.1445
104.40,6.0767
104.50,5.9882
104.60,5.8466
104.70,5.8466
104.80,5.8318
104.90,5.7145
105.00,5.6989
105.10,5.5971
105.20,5.5979
105.30,5.5201
105.40,5.5201
105.50,5.4501
105.60,5.4501
105.70,5.4501
105.80,5.4268
105.90,5.4268
106.00,5.2897
106.10,5.2897
106.20,5.2046
106.30,5.2046
106.40,5.1082
106.50,5.1082
106.60,5.0562
106.70,5.0639
106.80,5.0609
106.90,5.0953
107.00,5.1279
107.10,5.1870
107.20,5.2031
107.30,5.1870
107.40,5.1857
107.50,5.2064
107.60,5.1294
107.70,5.1250
107.80,5.0969
107.90,5.0597
108.00,5.0151
108.10,4.9735
108.20,4.9805
108.30,4.9846
108.40,4.9786
108.50,5.0144
108.60,5.0204
108.70,4.9697
108.80,4.9219
108.90,4.9159
109.00,4.8921
109.10,4.8495
109.20,4.7983
109.30,4.7537
109.40,4.7036
109.50,4.6319
109.60,4.5784
109.70,4.4811
109.80,4.4445
109.90,4.4323
110.00,4.3805
110.10,4.3403
110.20,4.3397
110.30,4.3244
110.40,4.2784
110.50,4.2513
110.60,4.2606
110.70,4.2195
110.80,4.1710
110.90,4.1160
111.00,4.0496
111.10,4.0421
111.20,4.0452
111.30,3.9994
111.40,4.0265
111.50,4.0442
111.60,4.0535
111.70,4.0617
111.80,4.0106
111.90,3.9371
112.00,3.8465
112.10,3.8071
112.20,3.7751
112.30,3.6846
112.40,3.6827
112.50,3.6741
112.60,3.6831
112.70,3.6467
112.80,3.6036
112.90,3.5678
113.00,3.5250
113.10,3.5014
113.20,3.4953
113.30,3.4706
113.40,3.4505
113.50,3.3987
113.60,3.3718
113.70,3.3573
113.80,3.3207
113.90,3.3459
114.00,3.3776
114.10,3.4001
114.20,3.4082
114.30,3.3615
114.40,3.3717
114.50,3.3331
114.60,3.3089
114.70,3.3192
114.80,3.3213
114.90,3.2825
115.00,3.2582
115.10,3.2213
115.20,3.2107
115.30,3.1858
115.40,3.1654
115.50,3.1425
115.60,3.0996
115.70,3.1031
115.80,3.0969
115.90,3.0812
116.00,3.0771
116.10,3.0573
116.20,3.0675
116.30,3.0600
116.40,3.0498
116.50,3.0376
116.60,3.0519
116.70,3.0498
116.80,2.9915
116.90,2.9785
117.00,3.0009
117.10,2.9765
117.20,2.9704
117.30,2.9610
117.40,2.9712
117.50,2.9387
117.60,2.8960
117.70,2.8797
117.80,2.8329
117.90,2.8004
118.00,2.7829
118.10,2.6892
118.20,2.6443
118.30,2.6517
118.40,2.6596
118.50,2.6809
118.60,2.7146
118.70,2.7680
118.80,2.8223
118.90,2.8675
119.00,2.8954
119.10,2.9242
119.20,2.9345
119.30,2.8964
119.40,2.8779
119.50,2.8324
119.60,2.7930
119.70,2.7566
119.80,2.7192
119.90,2.6826
120.00,2.6847
120.10,2.6660
120.20,2.6667
120.30,2.6632
120.40,2.6437
120.50,2.6785
120.60,2.6750
120.70,2.7121
120.80,2.7171
120.90,2.6673
121.00,2.6546
121.10,2.6426
121.20,2.6151
121.30,2.5861
121.40,2.5649
121.50,2.5686
121.60,2.5744
121.70,2.5098
121.80,2.4880
121.90,2.4025
122.00,2.3647
122.10,2.3346
122.20,2.2938
122.30,2.2508
122.40,2.1844
122.50,2.1738
122.60,2.1738
122.70,2.1577
122.80,2.1577
122.90,2.2124
123.00,2.2275
123.10,2.2629
123.20,2.2763
123.30,2.2847
123.40,2.2678
123.50,2.2611
123.60,2.2526
123.70,2.2864
123.80,2.3406
123.90,2.4057
124.00,2.4313
124.10,2.4195
124.20,2.3751
124.30,2.3393
124.40,2.2745
124.50,2.2221
124.60,2.1677
124.70,2.1358
124.80,2.1632
124.90,2.2008
125.00,2.2094
125.10,2.1820
125.20,2.1297
125.30,2.0942
125.40,2.0245
125.50,1.9697
125.60,1.9280
125.70,1.8982
125.80,1.8513
125.90,1.8451
126.00,1.8492
126.10,1.8423
126.20,1.8017
126.30,1.7897
126.40,1.7631
126.50,1.7424
126.60,1.7209
126.70,1.7501
126.80,1.7775
126.90,1.8210
127.00,1.8159
127.10,1.8457
127.20,1.8320
127.30,1.8371
127.40,1.8269
127.50,1.8252
127.60,1.8217
127.70,1.8132
127.80,1.8081
127.90,1.8190
128.00,1.7857
128.10,1.7311
128.20,1.6548
128.30,1.6084
128.40,1.5233
128.50,1.6160
128.60,1.5712
128.70,1.6608
128.80,1.6608
128.90,1.6608
129.00,1.6928
129.10,1.6928
129.20,1.6736
129.30,1.6864
129.40,1.6834
129.50,1.6800
129.60,1.6800
129.70,1.6643
129.80,1.6800
129.90,1.6544
130.00,1.6736
130.10,1.6736
130.20,1.6808
130.30,1.7028
130.40,1.7028
130.50,1.7622
130.60,1.7712
130.70,1.7899
130.80,1.8122
130.90,1.8122
131.00,1.8261
131.10,1.8261
131.20,1.8568
131.30,1.8568
131.40,1.8568
131.50,1.8507
131.60,1.8507
131.70,1.8753
131.80,1.8753
131.90,1.8753
132.00,1.9122
132.10,1.9122
132.20,1.8999
132.30,1.8999
132.40,1.8999
132.50,1.9122
132.60,1.9122
132.70,1.9799
132.80,1.9799
132.90,1.9799
133.00,1.9676
133.10,1.9615
133.20,1.9615
133.30,1.9430
133.40,1.9676
133.50,1.9184
133.60,1.9721
133.70,1.9615
133.80,1.9906
133.90,1.9906
134.00,1.9844
134.10,1.9597
134.20,1.9535
134.30,1.9535
134.40,1.9002
134.50,1.9002
134.60,1.9632
134.70,1.9632
134.80,1.9555
134.90,1.9555
135.00,1.9813
135.10,1.9703
135.20,1.9773
135.30,2.0251
135.40,2.0336
135.50,2.0744
135.60,2.2049
135.70,2.2164
135.80,2.2547
135.90,2.2547
136.00,2.2547
136.10,2.2049
136.20,2.1879
136.30,2.1818
136.40,2.1656
136.50,2.1588
136.60,2.1745
136.70,2.1745
136.80,2.1018
136.90,2.0905
137.00,2.0341
137.10,1.9875
137.20,1.9552
137.30,1.8892
137.40,1.8357
137.50,1.8077
137.60,1.7613
137.70,1.7715
137.80,1.8231
137.90,1.8231
138.00,1.8354
138.10,1.8354
138.20,1.8323
138.30,1.8121
138.40,1.7385
138.50,1.6905
138.60,1.6545
138.70,1.5942
138.80,1.5420
138.90,1.4924
139.00,1.4584
139.10,1.4433
139.20,1.4205
139.30,1.4147
139.40,1.4147
139.50,1.4321
139.60,1.4321
139.70,1.4090
139.80,1.4090
139.90,1.3743
140.00,1.3231
140.10,1.3231
140.20,1.2296
140.30,1.2126
140.40,1.2065
140.50,1.1382
140.60,1.1382
140.70,1.0928
140.80,1.0928
140.90,1.0776
141.00,1.0818
141.10,1.1021
141.20,1.1133
141.30,1.1714
141.40,1.1822
141.50,1.1580
141.60,1.1536
141.70,1.1558
141.80,1.1179
141.90,1.0999
142.00,1.0598
142.10,1.0224
142.20,1.0194
142.30,0.9992
142.40,0.9925
142.50,0.9638
142.60,0.9593
142.70,0.9522
142.80,0.9548
142.90,0.9504
143.00,0.9246
143.10,0.9137
143.20,0.9275
143.30,0.9597
143.40,1.0001
143.50,1.0220
143.60,1.0492
143.70,1.0787
143.80,1.0842
143.90,1.0952
144.00,1.1026
144.10,1.0878
144.20,1.1062
144.30,1.1099
144.40,1.1412
144.50,1.1559
144.60,1.1632
144.70,1.1907
144.80,1.2054
144.90,1.2218
145.00,1.2327
145.10,1.2308
145.20,1.2199
145.30,1.1944
145.40,1.1742
145.50,1.1540
145.60,1.1559
145.70,1.1448
145.80,1.1320
145.90,1.1247
146.00,1.1320
146.10,1.1485
146.20,1.1284
146.30,1.1174
146.40,1.1063
146.50,1.0715
146.60,1.0035
146.70,0.9238
146.80,0.8907
146.90,0.8700
147.00,0.8423
147.10,0.8154
147.20,0.7971
147.30,0.7152
147.40,0.6613
147.50,0.5832
147.60,0.5532
147.70,0.5117
147.80,0.4429
147.90,0.4556
148.00,0.4590
148.10,0.4556
148.20,0.4493
148.30,0.4493
148.40,0.4408
148.50,0.4501
148.60,0.4565
148.70,0.4162
148.80,0.3816
148.90,0.3018
149.00,0.2590
149.10,0.2707
149.20,0.3027
149.30,0.3399
149.40,0.3574
149.50,0.3672
149.60,0.3770
149.70,0.4014
149.80,0.4293
149.90,0.4557
150.00,0.5047
150.10,0.5311
150.20,0.5675
150.30,0.5846
150.40,0.6039
150.50,0.6193
150.60,0.6432
150.70,0.6525
150.80,0.6648
150.90,0.6763
151.00,0.6972
151.10,0.7262
151.20,0.7631
151.30,0.7857
151.40,0.7952
151.50,0.8321
151.60,0.8652
151.70,0.8854
151.80,0.8806
151.90,0.8790
152.00,0.9054
152.10,0.9434
152.20,0.9564
152.30,0.9837
152.40,0.9902
152.50,0.9814
152.60,1.0019
152.70,0.9675
152.80,0.9182
152.90,0.8715
153.00,0.8166
153.10,0.7954
153.20,0.7894
153.30,0.8065
153.40,0.8323
153.50,0.8445
153.60,0.8787
153.70,0.8865
153.80,0.9102
153.90,0.9210
154.00,0.9484
154.10,0.9874
154.20,1.0220
154.30,1.0977
154.40,1.1353
154.50,1.1728
154.60,1.2064
154.70,1.2415
154.80,1.2595
154.90,1.3041
155.00,1.3215
155.10,1.3628
155.20,1.4135
155.30,1.4282
155.40,1.4243
155.50,1.4429
155.60,1.4626
155.70,1.4628
155.80,1.4955
155.90,1.4996
156.00,1.4861
156.10,1.5078
156.20,1.5065
156.30,1.5228
156.40,1.5282
156.50,1.5620
156.60,1.5620
156.70,1.5336
156.80,1.5603
156.90,1.6102
157.00,1.6473
157.10,1.6509
157.20,1.6625
157.30,1.6600
157.40,1.6549
157.50,1.6537
157.60,1.6488
157.70,1.6965
157.80,1.7084
157.90,1.7902
158.00,1.8540
158.10,1.9205
158.20,1.9457
158.30,2.0135
158.40,2.0295
158.50,2.0295
158.60,2.0135
158.70,2.0085
158.80,2.0165
158.90,1.9925
159.00,1.9645
159.10,1.9325
159.20,1.9018
159.30,1.8304
159.40,1.8439
159.50,1.8945
159.60,1.9381
159.70,1.9938
159.80,2.0282
159.90,2.0660
160.00,2.1338
160.10,2.1654
160.20,2.2216
160.30,2.2622
160.40,2.3053
160.50,2.3167
160.60,2.3031
160.70,2.2669
160.80,2.2510
160.90,2.2100
161.00,2.1726
161.10,2.1504
161.20,2.1748
161.30,2.1315
161.40,2.1850
161.50,2.1850
161.60,2.1646
161.70,2.2103
161.80,2.2381
161.90,2.3110
162.00,2.3537
162.10,2.4374
162.20,2.5016
162.30,2.5482
162.40,2.5803
162.50,2.6224
162.60,2.6736
162.70,2.7043
162.80,2.7556
162.90,2.8047
163.00,2.8410
163.10,2.8678
163.20,2.8934
163.30,2.9084
163.40,2.9148
163.50,2.9096
163.60,2.9234
163.70,2.9074
163.80,2.8848
163.90,2.8773
164.00,2.8805
164.10,2.9102
164.20,2.9230
164.30,2.9239
164.40,2.9460
164.50,2.9524
164.60,2.9502
164.70,2.9409
164.80,2.9668
164.90,3.0174
165.00,3.0478
165.10,3.0701
165.20,3.1086
165.30,3.1405
165.40,3.1689
165.50,3.1969
165.60,3.1953
165.70,3.1904
165.80,3.1863
165.90,3.1969
166.00,3.1872
166.10,3.1653
166.20,3.1567
166.30,3.1207
166.40,3.0687
166.50,3.0636
166.60,3.0553
166.70,3.0055
166.80,2.9558
166.90,2.9216
167.00,2.8899
167.10,2.9205
167.20,2.9422
167.30,2.9481
167.40,2.9383
167.50,2.9692
167.60,2.9846
167.70,2.9935
167.80,2.9554
167.90,2.9702
168.00,2.9575
168.10,2.9349
168.20,2.9042
168.30,2.9276
168.40,2.9080
168.50,2.9080
168.60,2.9216
168.70,2.9216
168.80,2.9808
168.90,2.9735
169.00,2.9962
169.10,2.9962
169.20,3.0024
169.30,3.0205
169.40,3.0266
169.50,3.0250
169.60,3.0070
169.70,2.9573
169.80,2.9457
169.90,2.9367
170.00,2.9367
170.10,2.9708
170.20,2.9708
170.30,3.0295
170.40,3.0792
170.50,3.1063
170.60,3.1244
170.70,3.1695
170.80,3.2773
170.90,3.3317
171.00,3.3453
171.10,3.3453
171.20,3.3634
171.30,3.3634
171.40,3.3637
171.50,3.3592
171.60,3.3592
171.70,3.3456
171.80,3.3230
171.90,3.3050
172.00,3.2914
172.10,3.3455
172.20,3.3586
172.30,3.3877
172.40,3.4401
172.50,3.4811
172.60,3.5121
172.70,3.5172
172.80,3.5172
172.90,3.5352
173.00,3.5702
173.10,3.5970
173.20,3.6149
173.30,3.6373
173.40,3.6561
173.50,3.6561
173.60,3.6471
173.70,3.6499
173.80,3.6766
173.90,3.6945
174.00,3.6945
174.10,3.7168
174.20,3.6989
174.30,3.6900
174.40,3.7079
174.50,3.7079
174.60,3.7034
174.70,3.7034
174.80,3.6713
174.90,3.7190
175.00,3.7809
175.10,3.7986
175.20,3.8207
175.30,3.8207
175.40,3.8207
175.50,3.8030
175.60,3.7867
175.70,3.7823
175.80,3.7379
175.90,3.6979
176.00,3.6410
176.10,3.6119
176.20,3.6545
176.30,3.6775
176.40,3.7030
176.50,3.7107
176.60,3.7075
176.70,3.7247
176.80,3.7323
176.90,3.7425
177.00,3.7755
177.10,3.7755
177.20,3.7654
177.30,3.7705
177.40,3.7875
177.50,3.7925
177.60,3.7917
177.70,3.7993
177.80,3.8061
177.90,3.8061
178.00,3.7826
178.10,3.7753
178.20,3.7903
178.30,3.7920
178.40,3.7838
178.50,3.7788
178.60,3.8059
178.70,3.8319
178.80,3.8956
178.90,3.9304
179.00,3.9853
179.10,4.0999
179.20,4.1492
179.30,4.1898
179.40,4.2487
179.50,4.2544
179.60,4.2458
179.70,4.2158
179.80,4.1956
179.90,4.1679
180.00,4.1277
180.10,4.1093
180.20,4.0715
180.30,4.0272
180.40,3.9783
180.50,3.9692
180.60,3.9596
180.70,4.0646
180.80,4.1136
180.90,4.1179
181.00,4.1069
181.10,4.1356
181.20,4.0775
181.30,4.0547
181.40,3.9950
181.50,3.9793
181.60,3.9778
181.70,3.9638
181.80,3.9358
181.90,3.9141
182.00,3.9047
182.10,3.8861
182.20,3.8457
182.30,3.7502
182.40,3.6785
182.50,3.6182
182.60,3.6428
182.70,3.6553
182.80,3.6623
182.90,3.6749
183.00,3.6938
183.10,3.7237
183.20,3.7525
183.30,3.7819
183.40,3.8212
183.50,3.9192
183.60,3.9421
183.70,3.9650
183.80,3.9667
183.90,4.0009
184.00,4.0673
184.10,4.0738
184.20,4.0863
184.30,4.1334
184.40,4.1431
184.50,4.1075
184.60,4.0738
184.70,4.0317
184.80,3.9783
184.90,3.9589
185.00,3.9363
185.10,3.9202
185.20,3.8976
185.30,3.8943
185.40,3.8846
185.50,3.8769
185.60,3.8491
185.70,3.8125
185.80,3.7996
185.90,3.7770
186.00,3.6893
186.10,3.6384
186.20,3.6062
186.30,3.5417
186.40,3.5062
186.50,3.4935
186.60,3.4482
186.70,3.4028
186.80,3.3539
186.90,3.3199
187.00,3.2892
187.10,3.2854
187.20,3.2827
187.30,3.3493
187.40,3.4098
187.50,3.4098
187.60,3.4532
187.70,3.4836
187.80,3.4705
187.90,3.4184
188.00,3.4140
188.10,3.3792
188.20,3.3527
188.30,3.3260
188.40,3.2389
188.50,3.2030
188.60,3.1776
188.70,3.1459
188.80,3.1195
188.90,3.1383
189.00,3.1579
189.10,3.1644
189.20,3.1449
189.30,3.1656
189.40,3.1822
189.50,3.1489
189.60,3.0601
189.70,3.0172
189.80,3.0146
189.90,3.0413
190.00,3.0542
190.10,3.0696
190.20,3.0953
190.30,3.1391
190.40,3.1545
190.50,3.1751
190.60,3.1874
190.70,3.1714
190.80,3.1636
190.90,3.1274
191.00,3.0990
191.10,3.0344
191.20,3.0111
191.30,2.9801
191.40,3.0033
191.50,3.0240
191.60,3.0188
191.70,2.9873
191.80,2.9754
191.90,2.8919
192.00,2.8675
192.10,2.8509
192.20,2.8061
192.30,2.8467
192.40,2.8647
192.50,2.8377
192.60,2.8061
192.70,2.8061
192.80,2.7286
192.90,2.6923
193.00,2.6500
193.10,2.6519
193.20,2.6519
193.30,2.6682
193.40,2.6638
193.50,2.6755
193.60,2.6667
193.70,2.6491
193.80,2.6491
193.90,2.5524
194.00,2.5032
194.10,2.4849
194.20,2.4594
194.30,2.3936
194.40,2.3232
194.50,2.2493
194.60,2.2186
194.70,2.1837
194.80,2.1841
194.90,2.2050
195.00,2.2429
195.10,2.3031
195.20,2.3031
195.30,2.3699
195.40,2.3859
195.50,2.4451
195.60,2.5434
195.70,2.5703
195.80,2.6097
195.90,2.6097
196.00,2.6371
196.10,2.6649
196.20,2.6705
196.30,2.6901
196.40,2.6955
196.50,2.6955
196.60,2.6872
196.70,2.6872
196.80,2.6705
196.90,2.6454
197.00,2.6454
197.10,2.6287
197.20,2.6287
197.30,2.6231
197.40,2.6195
197.50,2.6195
197.60,2.6195
197.70,2.6195
197.80,2.6126
197.90,2.6030
198.00,2.6030
198.10,2.5357
198.20,2.5165
198.30,2.5165
198.40,2.4893
198.50,2.4588
198.60,2.4588
198.70,2.3924
198.80,2.3924
198.90,2.3819
199.00,2.3052
199.10,2.2954
199.20,2.2473
199.30,2.2473
199.40,2.2473
199.50,2.2349
199.60,2.2349
199.70,2.1944
199.80,2.1936
199.90,2.1843
200.00,2.1629
200.10,2.1629
200.20,2.1773
200.30,2.1773
200.40,2.2198
200.50,2.2198
200.60,2.2411
200.70,2.2416
200.80,2.2416
200.90,2.2631
201.00,2.2634
201.10,2.2634
201.20,2.2961
201.30,2.2961
201.40,2.3073
201.50,2.3181
201.60,2.3181
201.70,2.3181
201.80,2.2628
201.90,2.2628
202.00,2.1693
202.10,2.1693
202.20,2.1693
202.30,2.2155
202.40,2.2155
202.50,2.1361
202.60,2.1361
202.70,2.1461
202.80,2.1786
202.90,2.1786
203.00,2.1786
203.10,2.1893
203.20,2.1893
203.30,2.2123
203.40,2.2123
203.50,2.1882
203.60,2.1882
203.70,2.1668
203.80,2.1330
203.90,2.0842
204.00,2.0842
204.10,2.0600
204.20,2.0600
204.30,2.0600
204.40,2.0600
204.50,2.1259
204.60,2.1259
204.70,2.0942
204.80,2.0942
204.90,2.0942
205.00,2.0942
205.10,2.2821
205.20,2.2821
205.30,2.2650
205.40,2.2650
205.50,2.2650
205.60,2.4016
205.70,2.4016
205.80,2.4016
205.90,2.4016
206.00,2.4016
206.10,2.4870
206.20,2.4870
206.30,2.4870
206.40,2.4870
206.50,2.5382
206.60,2.6747
206.70,2.6747
206.80,2.6747
206.90,2.6747
207.00,2.7498
207.10,2.7498
207.20,2.6918
207.30,2.6918
207.40,2.6918
207.50,2.7771
207.60,2.7771
207.70,2.7942
207.80,2.7942
207.90,2.7942
208.00,2.8795
208.10,2.8795
208.20,2.9212
208.30,2.9212
208.40,2.9212
208.50,3.2035
208.60,3.2035
208.70,3.2035
208.80,3.2888
208.90,3.2888
209.00,3.6125
209.10,3.6125
209.20,3.6125
209.30,3.6125
209.40,3.6152
209.50,3.6707
209.60,3.6707
209.70,3.6707
209.80,3.6707
209.90,3.6707
210.00,3.7058
210.10,3.6152
210.20,3.6152
210.30,3.6152
210.40,3.6152
210.50,3.6356
210.60,3.6356
210.70,3.6356
210.80,3.6356
210.90,3.6356
211.00,3.6707
211.10,3.6707
211.20,3.6707
211.30,3.6707
211.40,3.6707
211.50,3.6707
211.60,3.8349
211.70,3.8349
211.80,3.7636
211.90,3.7636
212.00,3.7636
212.10,3.6744
212.20,3.6744
212.30,3.6744
212.40,3.6744
212.50,3.6744
212.60,3.6744
212.70,3.6707
212.80,3.6707
212.90,3.6707
213.00,3.6707
213.10,3.6707
213.20,3.4604
213.30,3.4604
213.40,3.4604
213.50,3.4604
213.60,3.4604
213.70,3.2463
213.80,3.2463
213.90,3.1213
214.00,3.1213
214.10,3.1213
214.20,3.1213
214.30,3.0257
214.40,2.8261
214.50,2.8178
214.60,2.8178
214.70,2.8178
214.80,2.7172
214.90,2.6872
215.00,2.5902
215.10,2.5902
215.20,2.5902
215.30,2.5902
215.40,2.5902
215.50,2.3889
215.60,2.3889
215.70,2.3889
215.80,2.2466
215.90,2.2459
216.00,2.2452
216.10,2.1499
216.20,2.1285
216.30,2.1124
216.40,2.1124
216.50,2.1124
216.60,2.1124
216.70,2.1124
216.80,1.9124
216.90,1.9124
217.00,1.9124
217.10,1.8861
217.20,2.0045
217.30,2.0045
217.40,2.0045
217.50,2.0045
217.60,2.0045
217.70,2.0045
217.80,2.1032
217.90,2.1032
218.00,1.9900
218.10,1.9900
218.20,2.0482
218.30,2.0094
218.40,2.0094
218.50,2.0094
218.60,2.0094
218.70,2.0094
218.80,2.0094
218.90,1.6990
219.00,1.6990
219.10,1.6990
219.20,1.4913
219.30,1.4913
219.40,1.4913
219.50,1.4913
219.60,1.4913
219.70,1.4913
219.80,1.4913
219.90,1.4371
220.00,1.4371
220.10,1.4371
220.20,1.4371
220.30,1.4371
220.40,1.4371
220.50,1.4371
220.60,1.4371
220.70,1.4371
220.80,1.4371
220.90,1.4371
221.00,1.4371
221.10,1.4371
221.20,1.4371
221.30,1.4371
221.40,1.4371
221.50,1.4371
221.60,1.4170
221.70,1.4170
221.80,1.4170
221.90,1.4371
222.00,1.4371
222.10,1.4371
222.20,1.4371
222.30,1.4423
222.40,1.4423
222.50,1.4974
222.60,1.4423
222.70,1.4423
222.80,1.4423
222.90,1.5241
223.00,1.5241
223.10,1.5241
223.20,1.5241
223.30,1.4219
223.40,1.4219
223.50,1.4219
223.60,1.4423
223.70,1.4423
223.80,1.4423
223.90,1.4423
224.00,1.4423
224.10,1.4423
224.20,1.3401
224.30,1.1560
224.40,1.1560
224.50,1.1560
224.60,1.1770
224.70,1.1770
224.80,1.1770
224.90,1.1560
225.00,1.0937
225.10,1.0937
225.20,1.0937
225.30,1.0715
225.40,1.0715
225.50,1.0715
225.60,1.0715
225.70,1.0520
225.80,1.0520
225.90,1.0079
226.00,1.0079
226.10,1.0079
226.20,1.0079
226.30,1.0079
226.40,0.9230
226.50,0.9230
226.60,0.8169
226.70,0.8169
226.80,0.8169
226.90,0.8169
227.00,0.8169
227.10,0.8169
227.20,0.6896
227.30,0.6896
227.40,0.6896
227.50,0.5729
227.60,0.4725
227.70,0.4552
227.80,0.4350
227.90,0.4350
228.00,0.3227
228.10,0.3135
228.20,0.3135
228.30,0.3135
228.40,0.0992
228.50,0.0992
228.60,0.0992
228.70,0.0992
228.80,0.0541
228.90,0.0541
229.00,0.0541
229.10,0.0541
229.20,-0.0161
229.30,-0.0324
229.40,-0.0324
229.50,-0.0079
229.60,-0.0149
229.70,-0.0201
229.80,-0.0322
229.90,-0.0200
230.00,-0.0252
230.10,-0.0251
230.20,-0.0443
230.30,-0.0600
230.40,-0.0745
230.50,-0.0501
230.60,-0.0342
230.70,0.0044
230.80,0.0377
230.90,0.0569
231.00,0.0517
231.10,0.0377
231.20,0.0114
231.30,0.0271
231.40,0.0461
231.50,0.0496
231.60,0.0547
231.70,0.0615
231.80,0.0527
231.90,0.0217
232.00,0.0095
232.10,0.0129
232.20,0.0214
232.30,0.0385
232.40,0.0418
232.50,0.0162
232.60,-0.0128
232.70,-0.0367
232.80,-0.0299
232.90,-0.0367
233.00,-0.0315
233.10,-0.0383
233.20,-0.0672
233.30,-0.1007
233.40,-0.1449
233.50,-0.1710
233.60,-0.1622
233.70,-0.1560
233.80,-0.1560
233.90,-0.1556
234.00,-0.1498
234.10,-0.1411
234.20,-0.1255
234.30,-0.0869
234.40,-0.0409
234.50,0.0015
234.60,0.0401
234.70,0.1113
234.80,0.1291
234.90,0.1529
235.00,0.1669
235.10,0.2106
235.20,0.2652
235.30,0.2879
235.40,0.3390
235.50,0.3913
235.60,0.4031
235.70,0.4071
235.80,0.4101
235.90,0.4448
236.00,0.5141
236.10,0.5427
236.20,0.5549
236.30,0.5624
236.40,0.5699
236.50,0.6100
236.60,0.6486
236.70,0.6605
236.80,0.6499
236.90,0.6292
237.00,0.6041
237.10,0.5804
237.20,0.5388
237.30,0.5223
237.40,0.5377
237.50,0.5714
237.60,0.6048
237.70,0.6438
237.80,0.6580
237.90,0.6805
238.00,0.6927
238.10,0.6927
238.20,0.6364
238.30,0.6094
238.40,0.6428
238.50,0.6811
238.60,0.6964
238.70,0.7207
238.80,0.7279
238.90,0.7492
239.00,0.7624
239.10,0.7583
239.20,0.7230
239.30,0.7041
239.40,0.7101
239.50,0.7203
239.60,0.7263
239.70,0.7334
239.80,0.7304
239.90,0.7233
240.00,0.7053
240.10,0.6956
240.20,0.6997
240.30,0.6926
240.40,0.6925
240.50,0.7080
240.60,0.7032
240.70,0.7114
240.80,0.7191
240.90,0.6866
241.00,0.6601
241.10,0.6348
241.20,0.5933
241.30,0.5482
241.40,0.5162
241.50,0.4640
241.60,0.4433
241.70,0.4227
241.80,0.4550
241.90,0.4550
242.00,0.4550
242.10,0.5729
242.20,0.5729
242.30,0.5729
242.40,0.5729
242.50,0.5729
242.60,0.5729
242.70,0.5729
242.80,0.5729
242.90,0.5729
243.00,0.6909
243.10,0.6909
243.20,0.6909
243.30,0.9201
243.40,0.9201
243.50,0.9201
243.60,0.9201
243.70,0.9201
243.80,0.9201
243.90,0.9201
244.00,0.9795
244.10,0.9795
244.20,1.0952
244.30,1.0952
244.40,1.0952
244.50,1.2325
244.60,1.2325
244.70,1.2325
244.80,1.2325
244.90,1.3784
245.00,1.4408
245.10,1.4408
245.20,1.4408
245.30,1.4408
245.40,1.4408
245.50,1.4408
245.60,1.4408
245.70,1.7531
245.80,1.7531
245.90,1.7531
246.00,1.7531
246.10,1.7531
246.20,1.7531
246.30,1.7531
246.40,1.7531
246.50,1.7531
246.60,1.7531
246.70,1.7531
246.80,1.9509
246.90,1.9612
247.00,1.9612
247.10,1.9612
247.20,1.9509
247.30,2.0939
247.40,2.0939
247.50,2.0939
247.60,2.0939
247.70,2.0939
247.80,2.0939
247.90,2.0939
248.00,2.0939
248.10,2.0939
248.20,2.0939
248.30,2.0939
248.40,2.0939
248.50,2.2370
248.60,2.2370
248.70,2.2370
248.80,2.2370
248.90,2.2370
249.00,2.2370
249.10,2.2370
249.20,2.2727
249.30,2.2727
249.40,2.2727
249.50,2.2727
249.60,2.2727
249.70,2.1655
249.80,2.1655
249.90,2.1655
250.00,2.1655
250.10,2.1655
250.20,2.1655
250.30,2.1655
250.40,2.1655
250.50,2.1655
250.60,2.1655
250.70,2.1655
250.80,2.1655
250.90,2.0582
251.00,2.0582
251.10,2.0582
251.20,2.0582
251.30,2.0582
251.40,2.0582
251.50,2.0582
251.60,2.0582
251.70,2.0582
251.80,2.0582
251.90,1.8436
252.00,1.8291
252.10,1.8291
252.20,1.8291
252.30,1.8291
252.40,1.8333
252.50,1.8959
252.60,1.9600
252.70,2.0206
252.80,2.1246
252.90,2.1543
253.00,2.2251
253.10,2.2551
253.20,2.2519
253.30,2.2487
253.40,2.2170
253.50,2.2030
253.60,2.2251
253.70,2.2330
253.80,2.2268
253.90,2.2127
254.00,2.1936
254.10,2.1625
254.20,2.1704
254.30,2.1719
254.40,2.1655
254.50,2.1655
254.60,2.1655
254.70,2.1655
254.80,2.1655
254.90,2.1655
255.00,2.4198
255.10,2.4198
255.20,2.4198
255.30,2.4198
255.40,2.4198
255.50,2.4198
255.60,2.4198
255.70,2.4198
255.80,2.4198
255.90,2.4198
256.00,2.4198
256.10,2.4198
256.20,2.3442
256.30,2.3442
256.40,2.3442
256.50,2.3442
256.60,2.3442
256.70,2.3442
256.80,2.3442
256.90,2.3442
257.00,2.3442
257.10,2.3442
257.20,2.3442
257.30,2.3442
257.40,2.3442
257.50,2.3442
257.60,2.3442
257.70,2.3442
257.80,2.3442
257.90,2.3442
258.00,2.3442
258.10,2.3442
258.20,2.3442
258.30,2.3442
258.40,2.3442
258.50,2.3442
258.60,2.3442
258.70,2.3442
258.80,2.3442
258.90,2.2370
259.00,2.2370
259.10,2.2370
259.20,2.1245
259.30,2.1245
259.40,2.1245
259.50,2.1245
259.60,2.1245
259.70,2.0939
259.80,2.0939
259.90,2.0939
260.00,1.9399
260.10,1.9399
260.20,1.9399
260.30,1.9399
260.40,1.9399
260.50,1.9399
260.60,1.9399
260.70,1.9399
260.80,1.8793
260.90,1.8793
261.00,1.8793
261.10,1.8661
261.20,1.8661
261.30,1.8661
261.40,1.8661
261.50,1.8661
261.60,1.8661
261.70,1.8661
261.80,1.8661
261.90,1.8661
262.00,1.8078
262.10,1.8078
262.20,1.8389
262.30,1.8389
262.40,1.8509
262.50,1.8828
262.60,1.8828
262.70,1.8828
262.80,1.8907
262.90,1.9594
263.00,1.9594
263.10,1.9594
263.20,2.0167
263.30,2.0316
263.40,2.0316
263.50,2.0316
263.60,2.0776
263.70,2.0776
263.80,2.0776
263.90,2.0776
264.00,2.1019
264.10,2.1019
264.20,2.1019
264.30,2.1019
264.40,2.0898
264.50,2.0898
264.60,2.0898
264.70,2.0898
264.80,2.0654
264.90,2.0753
265.00,2.0753
265.10,2.0261
265.20,2.0261
265.30,2.0261
265.40,2.0261
265.50,1.9892
265.60,2.0939
265.70,2.0939
265.80,2.0939
265.90,2.0939
266.00,2.1245
266.10,2.1245
266.20,2.1245
266.30,2.1245
266.40,2.1245
266.50,2.1245
266.60,2.1983
266.70,2.1983
266.80,2.1983
266.90,2.1983
267.00,2.1983
267.10,2.1983
267.20,2.1983
267.30,2.1983
267.40,2.1983
267.50,2.1983
267.60,2.1983
267.70,2.2722
267.80,2.2722
267.90,2.2722
268.00,2.2722
268.10,2.2722
268.20,2.2722
268.30,2.2722
268.40,2.2722
268.50,2.2722
268.60,2.2722
268.70,2.2722
268.80,2.2722
268.90,2.0481
269.00,2.0481
269.10,2.0481
269.20,2.0481
269.30,2.0108
269.40,2.0108
269.50,2.0108
269.60,2.0554
269.70,2.0554
269.80,2.0554
269.90,2.0554
270.00,1.9918
270.10,1.9918
270.20,1.9918
270.30,1.9918
270.40,1.9409
270.50,1.9409
270.60,1.9409
270.70,1.9409
270.80,1.9155
270.90,1.9155
271.00,1.9155
271.10,1.9155
271.20,1.9409
271.30,1.9409
271.40,1.9409
271.50,1.9409
271.60,1.9247
271.70,1.9114
271.80,1.9114
271.90,1.9114
272.00,1.9114
272.10,1.9420
272.20,1.9420
272.30,1.9420
272.40,1.9420
272.50,1.9552
272.60,1.9552
272.70,1.9552
272.80,1.9552
272.90,1.9513
273.00,1.9513
273.10,1.9513
273.20,1.9513
273.30,2.0305
273.40,2.0939
273.50,2.0305
273.60,2.0305
273.70,2.0305
273.80,2.0820
273.90,2.0820
274.00,2.0820
274.10,2.0820
274.20,2.1627
274.30,2.1627
274.40,2.1627
274.50,2.1627
274.60,2.1762
274.70,2.1762
274.80,2.1762
274.90,2.1762
275.00,2.1762
275.10,2.1885
275.20,2.1885
275.30,2.1885
275.40,2.1885
275.50,2.2021
275.60,2.2021
275.70,2.2021
275.80,2.2021
275.90,2.2021
276.00,2.2293
276.10,2.2293
276.20,2.2293
276.30,2.2293
276.40,2.2157
276.50,2.2286
276.60,2.2286
276.70,2.2566
276.80,2.2293
276.90,2.2293
277.00,2.2293
277.10,2.2293
277.20,2.1612
277.30,2.1612
277.40,2.1612
277.50,2.1612
277.60,2.1612
277.70,2.1340
277.80,2.1340
277.90,2.1340
278.00,2.1340
278.10,2.1612
278.20,2.1612
278.30,2.1612
278.40,2.1612
278.50,2.2293
278.60,2.2293
278.70,2.2293
278.80,2.2293
278.90,2.2974
279.00,2.2974
279.10,2.2974
279.20,2.2566
279.30,2.2566
279.40,2.3519
279.50,2.3519
279.60,2.3519
279.70,2.3519
279.80,2.2974
279.90,2.2974
280.00,2.2974
280.10,2.2974
280.20,2.2702
280.30,2.2702
280.40,2.2702
280.50,2.2702
280.60,2.3110
280.70,2.3110
280.80,2.3110
280.90,2.3110
281.00,2.3243
281.10,2.3655
281.20,2.3243
281.30,2.3243
281.40,2.3243
281.50,2.3928
281.60,2.3928
281.70,2.3928
281.80,2.3928
281.90,2.4608
282.00,2.4608
282.10,2.4608
282.20,2.4608
282.30,2.4608
282.40,2.4064
282.50,2.4064
282.60,2.4588
282.70,2.5127
282.80,2.5425
282.90,2.5127
283.00,2.5506
283.10,2.6337
283.20,2.6337
283.30,2.6337
283.40,2.6337
283.50,2.6741
283.60,2.6741
283.70,2.6741
283.80,2.6741
283.90,2.5944
284.00,2.5944
284.10,2.7238
284.20,2.7238
284.30,2.7238
284.40,2.7238
284.50,2.7238
284.60,2.7931
284.70,2.7931
284.80,2.7931
284.90,2.7931
285.00,2.7931
285.10,2.7931
285.20,2.7585
285.30,2.7585
285.40,2.7585
285.50,2.7585
285.60,2.7585
285.70,2.7585
285.80,2.7585
285.90,2.7585
286.00,2.7585
286.10,2.7585
286.20,2.7585
286.30,2.7585
286.40,2.7111
286.50,2.7111
286.60,2.7111
286.70,2.7111
286.80,2.7111
286.90,2.8456
287.00,2.8456
287.10,2.8456
287.20,2.8456
287.30,2.8456
287.40,2.8098
287.50,2.8098
287.60,2.8558
287.70,2.8558
287.80,2.8887
287.90,2.8887
288.00,2.8887
288.10,2.8887
288.20,2.8887
288.30,2.9806
288.40,2.9806
288.50,2.9806
288.60,2.9806
288.70,3.0463
288.80,3.0463
288.90,3.0463
289.00,3.0463
289.10,3.1251
289.20,3.1251
289.30,3.1251
289.40,3.1251
289.50,3.1251
289.60,3.1514
289.70,3.0988
289.80,3.0988
289.90,3.0988
290.00,3.0200
290.10,3.0200
290.20,3.0507
290.30,3.0507
290.40,3.0679
290.50,3.0679
290.60,3.1027
290.70,3.1027
290.80,3.1027
290.90,3.1027
291.00,3.1027
291.10,3.1027
291.20,3.1027
291.30,3.1027
291.40,3.1027
291.50,3.0507
291.60,3.0507
291.70,3.0507
291.80,3.0507
291.90,3.0037
292.00,3.0037
292.10,2.9858
292.20,2.9858
292.30,2.9651
292.40,2.9651
292.50,2.9138
292.60,2.9138
292.70,2.9138
292.80,2.9138
292.90,2.8752
293.00,2.8752
293.10,2.8496
293.20,2.8496
293.30,2.8496
293.40,2.8239
293.50,2.8239
293.60,2.8239
293.70,2.8239
293.80,2.7520
293.90,2.7520
294.00,2.7520
294.10,2.7468
294.20,2.7000
294.30,2.7000
294.40,2.7000
294.50,2.6870
294.60,2.6870
294.70,2.7083
294.80,2.7083
294.90,2.7083
295.00,2.7083
295.10,2.6697
295.20,2.6697
295.30,2.6697
295.40,2.6697
295.50,2.6569
295.60,2.6569
295.70,2.6569
295.80,2.6569
295.90,2.6569
296.00,2.6480
296.10,2.6480
296.20,2.6480
296.30,2.6480
296.40,2.6147
296.50,2.6147
296.60,2.6528
296.70,2.6528
296.80,2.6147
296.90,2.6147
297.00,2.6782
297.10,2.6782
297.20,2.6782
297.30,2.6865
297.40,2.7290
297.50,2.7544
297.60,2.7544
297.70,2.7544
297.80,2.7544
297.90,2.7671
298.00,2.8247
298.10,2.8247
298.20,2.8247
298.30,2.8247
298.40,2.8247
298.50,2.8247
298.60,2.8247
298.70,2.8065
298.80,2.8065
298.90,2.8065
299.00,2.8313
299.10,2.8313
299.20,2.8189
299.30,2.8189
299.40,2.8313
299.50,2.8313
299.60,2.8313
299.70,2.8313
299.80,2.8009
299.90,2.8189
300.00,2.8378
300.10,2.9010
300.20,2.9234
300.30,2.9451
300.40,3.0504
300.50,3.0504
300.60,3.0504
300.70,3.1018
300.80,3.2128
300.90,3.2128
301.00,3.2186
301.10,3.2308
301.20,3.3796
301.30,3.3796
301.40,3.4712
301.50,3.4712
301.60,3.4855
301.70,3.4855
301.80,3.5648
301.90,3.6391
302.00,3.7415
302.10,3.7415
302.20,3.7415
302.30,3.7415
302.40,3.7415
302.50,3.8016
302.60,3.8316
302.70,3.8316
302.80,3.8360
302.90,3.8360
303.00,3.8360
303.10,3.9894
303.20,3.9894
303.30,3.9894
303.40,3.9894
303.50,3.9894
303.60,3.9894
303.70,4.0992
303.80,4.0992
303.90,4.1111
304.00,4.1111
304.10,4.1168
304.20,4.1374
304.30,4.2783
304.40,4.4244
304.50,4.4244
304.60,4.4244
304.70,4.4244
304.80,4.4244
304.90,4.5953
305.00,4.6237
305.10,4.6237
305.20,4.6237
305.30,4.6237
305.40,4.6237
305.50,4.6664
305.60,4.6095
305.70,4.6095
305.80,4.6095
305.90,4.6095
306.00,4.6095
306.10,4.6095
306.20,4.6095
306.30,4.6095
306.40,4.6095
306.50,4.6095
306.60,4.6225
306.70,4.6225
306.80,4.6225
306.90,4.6225
307.00,4.6225
307.10,4.6642
307.20,4.6756
307.30,4.6756
307.40,4.6756
307.50,4.6756
307.60,4.6476
307.70,4.6744
307.80,4.6744
307.90,4.6208
308.00,4.6208
308.10,4.6208
308.20,4.6476
308.30,4.6476
308.40,4.5671
308.50,4.5671
308.60,4.5671
308.70,4.5270
308.80,4.4710
308.90,4.4710
309.00,4.4559
309.10,4.4559
309.20,4.4044
309.30,4.3278
309.40,4.3278
309.50,4.3169
309.60,4.3169
309.70,4.3169
309.80,4.2514
309.90,4.1965
310.00,4.1965
310.10,4.0924
310.20,4.0924
310.30,4.0653
310.40,4.0323
310.50,4.0179
310.60,3.9080
310.70,3.9080
310.80,3.9080
310.90,3.9080
311.00,3.8211
311.10,3.8866
311.20,3.8866
311.30,3.8866
311.40,3.8866
311.50,3.8748
311.60,3.9219
311.70,3.9219
311.80,3.9219
311.90,3.9101
312.00,3.9101
312.10,3.9571
312.20,3.9571
312.30,3.9571
312.40,3.9120
312.50,4.0157
312.60,4.0157
312.70,4.0157
312.80,4.0502
312.90,4.0441
313.00,4.0669
313.10,4.0669
313.20,4.0669
313.30,4.0669
313.40,4.0157
313.50,4.0157
313.60,4.0101
313.70,4.0101
313.80,4.0101
313.90,4.0157
314.00,4.0333
314.10,4.0333
314.20,4.0333
314.30,4.0682
314.40,4.0682
314.50,4.1496
314.60,4.1496
314.70,4.1031
314.80,4.1031
314.90,4.1031
315.00,4.1031
315.10,4.1031
315.20,4.0733
315.30,4.0502
315.40,4.0216
315.50,4.0449
315.60,4.0157
315.70,4.0042
315.80,4.0042
315.90,3.9518
316.00,3.9466
316.10,3.9235
316.20,3.9235
316.30,3.9235
316.40,3.9235
316.50,3.8331
316.60,3.8331
316.70,3.8331
316.80,3.8565
316.90,3.9032
317.00,3.9032
317.10,3.9032
317.20,4.0143
317.30,4.0143
317.40,4.0143
317.50,4.0143
317.60,4.0392
317.70,4.1592
317.80,4.1592
317.90,4.1628
318.00,4.2392
318.10,4.2392
318.20,4.2392
318.30,4.2392
318.40,4.1692
318.50,4.1492
318.60,4.1492
318.70,4.1331
318.80,4.1132
318.90,4.0892
319.00,4.1092
319.10,4.0537
319.20,4.0492
319.30,4.0492
319.40,4.0042
319.50,3.9698
319.60,3.9599
319.70,3.9698
319.80,3.9698
319.90,3.9554
320.00,3.9403
320.10,3.9403
320.20,3.9199
320.30,3.9199
320.40,3.9199
320.50,3.9401
320.60,4.1013
320.70,4.1013
320.80,4.1013
320.90,4.1013
321.00,4.2179
321.10,4.2603
321.20,4.2603
321.30,4.3345
321.40,4.3345
321.50,4.3733
321.60,4.3884
321.70,4.3884
321.80,4.4652
321.90,4.4652
322.00,4.5547
322.10,4.5547
322.20,4.5547
322.30,4.5547
322.40,4.4652
322.50,4.4652
322.60,4.4652
322.70,4.4652
322.80,4.4537
322.90,4.4917
323.00,4.4917
323.10,4.5306
323.20,4.5306
323.30,4.6052
323.40,4.6928
323.50,4.8317
323.60,4.8317
323.70,4.8317
323.80,4.8706
323.90,4.9708
324.00,4.9770
324.10,5.0067
324.20,5.1619
324.30,5.1619
324.40,5.1619
324.50,5.2150
324.60,5.2517
324.70,5.3433
324.80,5.3910
324.90,5.3910
325.00,5.3910
325.10,5.4101
325.20,5.4694
325.30,5.4694
325.40,5.4599
325.50,5.5015
325.60,5.5273
325.70,5.5273
325.80,5.5852
325.90,5.6330
326.00,5.6814
326.10,5.6814
326.20,5.7283
326.30,5.8334
326.40,5.8437
326.50,5.8437
326.60,5.8437
326.70,6.0087
326.80,6.0087
326.90,6.0087
327.00,5.9736
327.10,6.0866
327.20,6.0866
327.30,6.0866
327.40,6.1286
327.50,6.1629
327.60,6.1629
327.70,6.1629
327.80,6.1972
327.90,6.3282
328.00,6.3282
328.10,6.3735
328.20,6.3735
328.30,6.3735
328.40,6.3735
328.50,6.4006
328.60,6.4527
328.70,6.4527
328.80,6.5269
328.90,6.5269
329.00,6.5798
329.10,6.5798
329.20,6.5462
329.30,6.5462
329.40,6.5462
329.50,6.4902
329.60,6.4902
329.70,6.5126
329.80,6.4527
329.90,6.4454
330.00,6.4454
330.10,6.4454
330.20,6.3670
330.30,6.3670
330.40,6.3670
330.50,6.3109
330.60,6.3109
330.70,6.3109
330.80,6.0678
330.90,6.0418
331.00,6.0418
331.10,6.0306
331.20,5.7736
331.30,5.8165
331.40,5.9661
331.50,5.9661
331.60,5.9661
331.70,6.1111
331.80,6.1111
331.90,6.1111
332.00,6.1267
332.10,6.1604
332.20,6.1604
332.30,6.1604
332.40,6.2529
332.50,6.2835
332.60,6.2835
332.70,6.3676
332.80,6.3676
332.90,6.3676
333.00,6.4112
333.10,6.4598
333.20,6.4598
333.30,6.4598
333.40,6.4598
333.50,6.4112
333.60,6.4112
333.70,6.4112
333.80,6.3942
333.90,6.3990
334.00,6.3990
334.10,6.3990
334.20,6.3260
334.30,6.3327
334.40,6.3327
334.50,6.3327
334.60,6.2219
334.70,6.2219
334.80,6.2219
334.90,6.1902
335.00,6.0618
335.10,6.1452
335.20,6.1452
335.30,6.1452
335.40,5.9689
335.50,5.9689
335.60,5.9689
335.70,5.8317
335.80,5.8177
335.90,5.8177
336.00,5.8177
336.10,5.6405
336.20,5.5736
336.30,5.5672
336.40,5.5084
336.50,5.5345
336.60,5.5345
336.70,5.4855
336.80,5.4725
336.90,5.4725
337.00,5.4594
337.10,5.4594
337.20,5.3960
337.30,5.3876
337.40,5.3784
337.50,5.4494
337.60,5.4752
337.70,5.4752
337.80,5.4752
337.90,5.4752
338.00,5.4817
338.10,5.5139
338.20,5.4946
338.30,5.4829
338.40,5.4829
338.50,5.4573
338.60,5.4623
338.70,5.4509
338.80,5.4396
338.90,5.4396
339.00,5.4157
339.10,5.4221
339.20,5.4221
339.30,5.3903
339.40,5.3795
339.50,5.3375
339.60,5.3375
339.70,5.3247
339.80,5.3457
339.90,5.3457
340.00,5.3849
340.10,5.4376
340.20,5.4376
340.30,5.4376
340.40,5.4451
340.50,5.4928
340.60,5.5051
340.70,5.5051
340.80,5.5173
340.90,5.5515
341.00,5.6120
341.10,5.6355
341.20,5.6479
341.30,5.7196
341.40,5.7314
341.50,5.7314
341.60,5.7492
341.70,5.7611
341.80,5.7611
341.90,5.7670
342.00,5.7670
342.10,5.7608
342.20,5.7498
342.30,5.7136
342.40,5.7136
342.50,5.7377
342.60,5.7136
342.70,5.7136
342.80,5.6653
342.90,5.6170
343.00,5.6170
343.10,5.5808
343.20,5.5437
343.30,5.5144
343.40,5.5012
343.50,5.4830
343.60,5.4648
343.70,5.4648
343.80,5.4329
343.90,5.4146
344.00,5.3413
344.10,5.3413
344.20,5.3169
344.30,5.3209
344.40,5.3639
344.50,5.3639
344.60,5.4376
344.70,5.4376
344.80,5.4253
344.90,5.4176
345.00,5.4518
345.10,5.4518
345.20,5.4518
345.30,5.4393
345.40,5.4393
345.50,5.4019
345.60,5.4019
345.70,5.3582
345.80,5.3437
345.90,5.3311
346.00,5.3499
346.10,5.2872
346.20,5.2872
346.30,5.2683
346.40,5.2683
346.50,5.2911
346.60,5.2911
346.70,5.2659
346.80,5.2596
346.90,5.2596
347.00,5.1936
347.10,5.1901
347.20,5.1775
347.30,5.1396
347.40,5.1396
347.50,5.0954
347.60,5.0954
347.70,5.0954
347.80,5.1017
347.90,5.1017
348.00,5.1080
348.10,5.1080
348.20,5.0575
348.30,5.0385
348.40,5.0385
348.50,5.0234
348.60,4.9857
348.70,5.0360
348.80,5.0360
348.90,5.0674
349.00,5.0674
349.10,4.9103
349.20,4.8600
349.30,4.8600
349.40,4.7972
349.50,4.7972
349.60,4.7772
349.70,4.7846
349.80,4.7846
349.90,4.7545
350.00,4.7522
350.10,4.7073
350.20,4.6960
350.30,4.7100
350.40,4.7234
350.50,4.7152
350.60,4.6960
350.70,4.7066
350.80,4.6981
350.90,4.7488
351.00,4.7977
351.10,4.8559
351.20,4.8642
351.30,4.9146
351.40,4.9358
351.50,4.9674
351.60,4.9768
351.70,4.9717
351.80,4.9932
351.90,4.9932
352.00,4.9782
352.10,4.9970
352.20,4.9952
352.30,5.0031
352.40,4.9852
352.50,4.9137
352.60,4.9209
352.70,4.8561
352.80,4.8339
352.90,4.7951
353.00,4.7593
353.10,4.7347
353.20,4.7279
353.30,4.6966
353.40,4.6990
353.50,4.6961
353.60,4.6842
353.70,4.6863
353.80,4.6958
353.90,4.7192
354.00,4.7424
354.10,4.7966
354.20,4.8262
354.30,4.8145
354.40,4.8385
354.50,4.8192
354.60,4.8286
354.70,4.8332
354.80,4.8239
354.90,4.8168
355.00,4.7976
355.10,4.8228
355.20,4.8228
355.30,4.8228
355.40,4.8177
355.50,4.8153
355.60,4.8125
355.70,4.8083
355.80,4.7474
355.90,4.7261
356.00,4.7472
356.10,4.7922
356.20,4.8636
356.30,4.8842
356.40,4.9247
356.50,4.9704
356.60,4.9795
356.70,4.9818
356.80,4.9909
356.90,4.9992
357.00,5.0061
357.10,5.0038
357.20,5.0015
357.30,5.0038
357.40,5.0143
357.50,5.0097
357.60,4.9839
357.70,4.9627
357.80,4.9732
357.90,4.9702
358.00,4.9401
358.10,4.9401
358.20,4.9349
358.30,4.9506
358.40,4.9499
358.50,4.9559
358.60,4.9424
358.70,4.9596
358.80,4.9842
358.90,4.9789
359.00,4.9714
359.10,4.9751
359.20,4.9795
359.30,5.0045
359.40,4.9860
359.50,4.9735
359.60,4.8961
359.70,4.8208
359.80,4.7577
359.90,4.8069
